{
  "type" : "DataConfigurationFile",
  "name" : "all_sensors",
  "topicSettings": [ 
    {
      "topicName" : "hw/cam_dock",
      "downlinkOption" : "delayed",
      "frequency" : -1
    },
    {
      "topicName" : "hw/cam_nav",
      "downlinkOption" : "delayed",
      "frequency" : -1
    },
    {
      "topicName" : "hw/depth_haz/points",
      "downlinkOption" : "delayed",
      "frequency" : -1
    },
    {
      "topicName" : "hw/depth_perch/points",
      "downlinkOption" : "delayed",
      "frequency" : -1
    },
    {
      "topicName" : "hw/eps/battery/bottom_left/state",
      "downlinkOption" : "delayed",
      "frequency" : -1
    },
    {
      "topicName" : "hw/eps/battery/bottom_left/temp",
      "downlinkOption" : "delayed",
      "frequency" : -1
    },
    {
      "topicName" : "hw/eps/battery/bottom_right/state",
      "downlinkOption" : "delayed",
      "frequency" : -1
    },
    {
      "topicName" : "hw/eps/battery/bottom_right/temp",
      "downlinkOption" : "delayed",
      "frequency" : -1
    },
    {
      "topicName" : "hw/eps/battery/top_left/state",
      "downlinkOption" : "delayed",
      "frequency" : -1
    },
    {
      "topicName" : "hw/eps/battery/top_left/temp",
      "downlinkOption" : "delayed",
      "frequency" : -1
    },
    {
      "topicName" : "hw/eps/battery/top_right/state",
      "downlinkOption" : "delayed",
      "frequency" : -1
    },
    {
      "topicName" : "hw/eps/battery/top_right/temp",
      "downlinkOption" : "delayed",
      "frequency" : -1
    },
    {
      "topicName" : "hw/eps/dock",
      "downlinkOption" : "delayed",
      "frequency" : -1
    },
    {
      "topicName" : "hw/eps/housekeeping",
      "downlinkOption" : "delayed",
      "frequency" : -1
    },
    {
      "topicName" : "hw/eps/power_state",
      "downlinkOption" : "delayed",
      "frequency" : -1
    },
    {
      "topicName" : "hw/imu",
      "downlinkOption" : "delayed",
      "frequency" : -1
    },
    {
      "topicName" : "hw/speed_cam/camera_image",
      "downlinkOption" : "delayed",
      "frequency" : -1
    },
    {
      "topicName" : "hw/speed_cam/imu",
      "downlinkOption" : "delayed",
      "frequency" : -1
    },
    {
      "topicName" : "hw/speed_cam/optical_flow",
      "downlinkOption" : "delayed",
      "frequency" : -1
    }
  ]
}
