{
  "type" : "DataConfigurationFile",
  "name" : "mob_dock_sampled",
  "topicSettings": [ 
    {
      "topicName" : "hw/imu",
      "downlinkOption" : "delayed",
      "frequency" : -1
    },
    {
      "topicName" : "gnc/control/cancel",
      "downlinkOption" : "delayed",
      "frequency" : -1
    },
    {
      "topicName" : "gnc/control/feedback",
      "downlinkOption" : "delayed",
      "frequency" : -1
    },
    {
      "topicName" : "gnc/control/goal",
      "downlinkOption" : "delayed",
      "frequency" : -1
    },
    {
      "topicName" : "gnc/control/result",
      "downlinkOption" : "delayed",
      "frequency" : -1
    },
    {
      "topicName" : "gnc/control/status",
      "downlinkOption" : "delayed",
      "frequency" : -1
    },
    {
      "topicName" : "gnc/ctl/command",
      "downlinkOption" : "delayed",
      "frequency" : -1
    },
    {
      "topicName" : "gnc/ctl/segment",
      "downlinkOption" : "delayed",
      "frequency" : -1
    },
    {
      "topicName" : "gnc/ctl/setpoint",
      "downlinkOption" : "delayed",
      "frequency" : -1
    },
    {
      "topicName" : "gnc/ctl/shaper",
      "downlinkOption" : "delayed",
      "frequency" : -1
    },
    {
      "topicName" : "gnc/ctl/traj",
      "downlinkOption" : "delayed",
      "frequency" : -1
    },
    {
      "topicName" : "gnc/ekf",
      "downlinkOption" : "delayed",
      "frequency" : -1
    },
    {
      "topicName" : "gnc/ekf/features",
      "downlinkOption" : "delayed",
      "frequency" : -1
    },
    {
      "topicName" : "gnc/ekf/reset",
      "downlinkOption" : "delayed",
      "frequency" : -1
    },
    {
      "topicName" : "mob/choreographer/segment",
      "downlinkOption" : "delayed",
      "frequency" : -1
    },
    {
      "topicName" : "mob/flight_mode",
      "downlinkOption" : "delayed",
      "frequency" : -1
    },
    {
      "topicName" : "mob/inertia",
      "downlinkOption" : "delayed",
      "frequency" : -1
    },
    {
      "topicName" : "mob/motion/cancel",
      "downlinkOption" : "delayed",
      "frequency" : -1
    },
    {
      "topicName" : "mob/motion/feedback",
      "downlinkOption" : "delayed",
      "frequency" : -1
    },
    {
      "topicName" : "mob/motion/goal",
      "downlinkOption" : "delayed",
      "frequency" : -1
    },
    {
      "topicName" : "mob/motion/result",
      "downlinkOption" : "delayed",
      "frequency" : -1
    },
    {
      "topicName" : "mob/motion/status",
      "downlinkOption" : "delayed",
      "frequency" : -1
    },
    {
      "topicName" : "mob/planner_qp/plan/cancel",
      "downlinkOption" : "delayed",
      "frequency" : -1
    },
    {
      "topicName" : "mob/planner_qp/plan/feedback",
      "downlinkOption" : "delayed",
      "frequency" : -1
    },
    {
      "topicName" : "mob/planner_qp/plan/goal",
      "downlinkOption" : "delayed",
      "frequency" : -1
    },
    {
      "topicName" : "mob/planner_qp/plan/result",
      "downlinkOption" : "delayed",
      "frequency" : -1
    },
    {
      "topicName" : "mob/planner_qp/plan/status",
      "downlinkOption" : "delayed",
      "frequency" : -1
    },
    {
      "topicName" : "mob/planner_qp/safe_flight_cooridor",
      "downlinkOption" : "delayed",
      "frequency" : -1
    },
    {
      "topicName" : "mob/planner_trapezoidal/plan/cancel",
      "downlinkOption" : "delayed",
      "frequency" : -1
    },
    {
      "topicName" : "mob/planner_trapezoidal/plan/feedback",
      "downlinkOption" : "delayed",
      "frequency" : -1
    },
    {
      "topicName" : "mob/planner_trapezoidal/plan/goal",
      "downlinkOption" : "delayed",
      "frequency" : -1
    },
    {
      "topicName" : "mob/planner_trapezoidal/plan/result",
      "downlinkOption" : "delayed",
      "frequency" : -1
    },
    {
      "topicName" : "mob/planner_trapezoidal/plan/status",
      "downlinkOption" : "delayed",
      "frequency" : -1
    },
    {
      "topicName" : "mob/state",
      "downlinkOption" : "delayed",
      "frequency" : -1
    },
    {
      "topicName" : "loc/ar/features",
      "downlinkOption" : "delayed",
      "frequency" : -1
    },
    {
      "topicName" : "loc/ar/registration",
      "downlinkOption" : "delayed",
      "frequency" : -1
    },
    {
      "topicName" : "loc/hr/features",
      "downlinkOption" : "delayed",
      "frequency" : -1
    },
    {
      "topicName" : "loc/hr/marker",
      "downlinkOption" : "delayed",
      "frequency" : -1
    },
    {
      "topicName" : "loc/hr/registration",
      "downlinkOption" : "delayed",
      "frequency" : -1
    },
    {
      "topicName" : "loc/manager/localization/cancel",
      "downlinkOption" : "delayed",
      "frequency" : -1
    },
    {
      "topicName" : "loc/manager/localization/feedback",
      "downlinkOption" : "delayed",
      "frequency" : -1
    },
    {
      "topicName" : "loc/manager/localization/goal",
      "downlinkOption" : "delayed",
      "frequency" : -1
    },
    {
      "topicName" : "loc/manager/localization/result",
      "downlinkOption" : "delayed",
      "frequency" : -1
    },
    {
      "topicName" : "loc/manager/localization/status",
      "downlinkOption" : "delayed",
      "frequency" : -1
    },
    {
      "topicName" : "loc/manager/state",
      "downlinkOption" : "delayed",
      "frequency" : -1
    },
    {
      "topicName" : "loc/ml/features",
      "downlinkOption" : "delayed",
      "frequency" : -1
    },
    {
      "topicName" : "loc/ml/registration",
      "downlinkOption" : "delayed",
      "frequency" : -1
    },
    {
      "topicName" : "loc/of/features",
      "downlinkOption" : "delayed",
      "frequency" : -1
    },
    {
      "topicName" : "loc/of/registration",
      "downlinkOption" : "delayed",
      "frequency" : -1
    },
    {
      "topicName" : "loc/pose",
      "downlinkOption" : "delayed",
      "frequency" : -1
    },
    {
      "topicName" : "loc/truth/pose",
      "downlinkOption" : "delayed",
      "frequency" : -1
    },
    {
      "topicName" : "loc/truth/twist",
      "downlinkOption" : "delayed",
      "frequency" : -1
    },
    {
      "topicName" : "loc/twist",
      "downlinkOption" : "delayed",
      "frequency" : -1
    },
    {
      "topicName" : "mgt/img_sampler/dock_cam/image_record",
      "downlinkOption" : "delayed",
      "frequency" : -1
    },
    {
      "topicName" : "hw/speed_cam/camera_image",
      "downlinkOption" : "delayed",
      "frequency" : -1
    },
    {
      "topicName" : "hw/speed_cam/imu",
      "downlinkOption" : "delayed",
      "frequency" : -1
    },
    {
      "topicName" : "hw/speed_cam/optical_flow",
      "downlinkOption" : "delayed",
      "frequency" : -1
    },
    {
      "topicName" : "hw/speed_cam/speed",
      "downlinkOption" : "delayed",
      "frequency" : -1
    },
    {
      "topicName" : "hw/depth_perch/depth_image",
      "downlinkOption" : "delayed",
      "frequency" : -1
    },
    {
      "topicName" : "hw/depth_perch/points",
      "downlinkOption" : "delayed",
      "frequency" : -1
    }
  ]
}
